Indicator,Type
bc76bd7b332aa8f6aedbb8e11b7ba9b6 TrustedInstaller.exe,File
b3657bcfe8240bc0985093a0f8682703 mskmde.com,File
2eb6df8795f513c324746646b594c019,MD5
d8233448a3400c5677708a8500e3b2a0 xpexplore.js,File
8954caa2017950e0f6269d6f6168b796 file.exe16,File
403876977dfb4ab2e2c15ad4b29423ff 00c3df3b.exe,File
suckmycocklameavindustry.in,Domain
anam0rph.su,Domain
212.114.52.24,IP
manager.surro.am,Domain 
194.67.209.186:443 ,IP
yelprope.cloudns.cl,Domain 
1995a54dba0e05d80903d3d210c1e3da,MD5
c43316ddcb51e143ab53f996587c23ea4985f6ea,SHA1
277d7f450268aeb4e7fe942f70a9df63aa429d703e9400370f0621a438e918bf,SHA256
a09daf5791d8fd4b5843cd38ae37cf97,MD5
2c11592f527a35c3dac75139e870dd062b12dfe1,SHA1
60247d4ddd08204818b60ade4bfc32d6c31756c574a5fe2cd521381385a0f868,SHA256
5aac51312dfd99bf4e88be482f734c79,MD5
9ac88b93fee8f888cabc3d0c9d81507c6dad7498,SHA1
9b742a890aff9c7a2b54b620fe5e1fcfa553648695d79c892564de09b850c92b,SHA256
c9c0e32e00d084653db0b37a239e9a34,MD5
b97965e4a793ec0fa10abc86d0c6be5718716d8a ,SHA1
d932ee10f02ea5bb60ed867d9687a906f1b8472f01fc5543b06f9ab22059b264,SHA256
195.123.226.91,IP
144.76.173.247,IP
